{
    "mappings": [
        {
            "request": {
                "method": "GET",
                "url": "/one"
            },
            "response": {
                "status": 200,
				"bodyFileName": "validUnAuthCustomer.json"
            }
        },
        {
            "id": "8c5db8b0-2db4-4ad7-a99f-38c9b00da3f7",
            "request": {
                "url": "/two"
            },
            "response": {
                "bodyFileName": "validUnAuthCustomer.json"
            }
        }
    ]
}